Title,Rating,# of Reviews,Link
Adobo Sirloin,4,224,https://www.allrecipes.com/recipe/16285/adobo-sirloin/
Roast Adobo Pork Loin,5,255,https://www.allrecipes.com/recipe/222978/roast-adobo-pork-loin/
Traci's Adobo Seasoning,4,180,https://www.allrecipes.com/recipe/214086/tracis-adobo-seasoning/
Adobo Chicken with Ginger,4,368,https://www.allrecipes.com/recipe/28363/adobo-chicken-with-ginger/
Famous Chicken Adobo,4,378,https://www.allrecipes.com/recipe/128699/famous-chicken-adobo/
Grilled Chicken Adobo,4,251,https://www.allrecipes.com/recipe/45580/grilled-chicken-adobo/
Lolah's Chicken Adobo,4,65,https://www.allrecipes.com/recipe/152243/lolahs-chicken-adobo/
Slow Cooker Adobo Chicken,4,847,https://www.allrecipes.com/recipe/15650/slow-cooker-adobo-chicken/
Slow Cooker Adobo Chicken with Bok Choy,4,205,https://www.allrecipes.com/recipe/223588/slow-cooker-adobo-chicken-with-bok-choy/
Chicken Adobo with Coconut Milk (Adobo sa Gata),4,4,https://www.allrecipes.com/recipe/278067/chicken-adobo-with-coconut-milk-adobo-sa-gata/
Margo's Chicken Adobo,4,42,https://www.allrecipes.com/recipe/218510/margos-chicken-adobo/
Duck Adobo,4,37,https://www.allrecipes.com/recipe/230047/duck-adobo/
Instant Pot Filipino Chicken Adobo,5,24,https://www.allrecipes.com/recipe/277700/instant-pot-filipino-chicken-adobo/
One-Pot Hamburger Adobo Dinner,4,56,https://www.allrecipes.com/recipe/215914/one-pot-hamburger-adobo-dinner/
Chipotle and Adobo Pickled Eggs,4,27,https://www.allrecipes.com/recipe/112025/chipotle-and-adobo-pickled-eggs/
Homemade Adobo All-Purpose Seasoning,5,18,https://www.allrecipes.com/recipe/240508/homemade-adobo-all-purpose-seasoning/
Authentic Chicken Adobo,4,22,https://www.allrecipes.com/recipe/231544/authentic-chicken-adobo/
Chicken Adobo I,3,49,https://www.allrecipes.com/recipe/20779/chicken-adobo-i/
Filipino Chicken Adobo,5,1,https://www.allrecipes.com/recipe/277271/filipino-chicken-adobo/
Guinataan Chicken Adobo,4,36,https://www.allrecipes.com/recipe/212950/guinataan-chicken-adobo/
Pinoy Chicken Adobo,4,38,https://www.allrecipes.com/recipe/212938/pinoy-chicken-adobo/
What Is Adobo? ,0,0,https://www.allrecipes.com/what-is-adobo-7480588
No One Can Agree On How To Make Chicken Adobo,0,0,https://www.allrecipes.com/article/how-to-make-chicken-adobo-filipino-comfort-food/
Lisa's Adobo,4,13,https://www.allrecipes.com/recipe/72946/lisas-adobo/
Adobo Sirloin,4,224,https://www.allrecipes.com/recipe/16285/adobo-sirloin/
Roast Adobo Pork Loin,5,255,https://www.allrecipes.com/recipe/222978/roast-adobo-pork-loin/
Traci's Adobo Seasoning,4,180,https://www.allrecipes.com/recipe/214086/tracis-adobo-seasoning/
Adobo Chicken with Ginger,4,368,https://www.allrecipes.com/recipe/28363/adobo-chicken-with-ginger/
Famous Chicken Adobo,4,378,https://www.allrecipes.com/recipe/128699/famous-chicken-adobo/
Grilled Chicken Adobo,4,251,https://www.allrecipes.com/recipe/45580/grilled-chicken-adobo/
Lolah's Chicken Adobo,4,65,https://www.allrecipes.com/recipe/152243/lolahs-chicken-adobo/
Slow Cooker Adobo Chicken,4,847,https://www.allrecipes.com/recipe/15650/slow-cooker-adobo-chicken/
Slow Cooker Adobo Chicken with Bok Choy,4,205,https://www.allrecipes.com/recipe/223588/slow-cooker-adobo-chicken-with-bok-choy/
Chicken Adobo with Coconut Milk (Adobo sa Gata),4,4,https://www.allrecipes.com/recipe/278067/chicken-adobo-with-coconut-milk-adobo-sa-gata/
Margo's Chicken Adobo,4,42,https://www.allrecipes.com/recipe/218510/margos-chicken-adobo/
Duck Adobo,4,37,https://www.allrecipes.com/recipe/230047/duck-adobo/
Instant Pot Filipino Chicken Adobo,5,24,https://www.allrecipes.com/recipe/277700/instant-pot-filipino-chicken-adobo/
One-Pot Hamburger Adobo Dinner,4,56,https://www.allrecipes.com/recipe/215914/one-pot-hamburger-adobo-dinner/
Chipotle and Adobo Pickled Eggs,4,27,https://www.allrecipes.com/recipe/112025/chipotle-and-adobo-pickled-eggs/
Homemade Adobo All-Purpose Seasoning,5,18,https://www.allrecipes.com/recipe/240508/homemade-adobo-all-purpose-seasoning/
Authentic Chicken Adobo,4,22,https://www.allrecipes.com/recipe/231544/authentic-chicken-adobo/
Chicken Adobo I,3,49,https://www.allrecipes.com/recipe/20779/chicken-adobo-i/
Filipino Chicken Adobo,5,1,https://www.allrecipes.com/recipe/277271/filipino-chicken-adobo/
Guinataan Chicken Adobo,4,36,https://www.allrecipes.com/recipe/212950/guinataan-chicken-adobo/
Pinoy Chicken Adobo,4,38,https://www.allrecipes.com/recipe/212938/pinoy-chicken-adobo/
What Is Adobo? ,0,0,https://www.allrecipes.com/what-is-adobo-7480588
No One Can Agree On How To Make Chicken Adobo,0,0,https://www.allrecipes.com/article/how-to-make-chicken-adobo-filipino-comfort-food/
Lisa's Adobo,4,13,https://www.allrecipes.com/recipe/72946/lisas-adobo/
Adobo Sirloin,4,224,https://www.allrecipes.com/recipe/16285/adobo-sirloin/
Roast Adobo Pork Loin,5,255,https://www.allrecipes.com/recipe/222978/roast-adobo-pork-loin/
Traci's Adobo Seasoning,4,180,https://www.allrecipes.com/recipe/214086/tracis-adobo-seasoning/
Adobo Chicken with Ginger,4,368,https://www.allrecipes.com/recipe/28363/adobo-chicken-with-ginger/
Famous Chicken Adobo,4,378,https://www.allrecipes.com/recipe/128699/famous-chicken-adobo/
Grilled Chicken Adobo,4,251,https://www.allrecipes.com/recipe/45580/grilled-chicken-adobo/
Lolah's Chicken Adobo,4,65,https://www.allrecipes.com/recipe/152243/lolahs-chicken-adobo/
Slow Cooker Adobo Chicken,4,847,https://www.allrecipes.com/recipe/15650/slow-cooker-adobo-chicken/
Slow Cooker Adobo Chicken with Bok Choy,4,205,https://www.allrecipes.com/recipe/223588/slow-cooker-adobo-chicken-with-bok-choy/
Chicken Adobo with Coconut Milk (Adobo sa Gata),4,4,https://www.allrecipes.com/recipe/278067/chicken-adobo-with-coconut-milk-adobo-sa-gata/
Margo's Chicken Adobo,4,42,https://www.allrecipes.com/recipe/218510/margos-chicken-adobo/
Duck Adobo,4,37,https://www.allrecipes.com/recipe/230047/duck-adobo/
Instant Pot Filipino Chicken Adobo,5,24,https://www.allrecipes.com/recipe/277700/instant-pot-filipino-chicken-adobo/
One-Pot Hamburger Adobo Dinner,4,56,https://www.allrecipes.com/recipe/215914/one-pot-hamburger-adobo-dinner/
Chipotle and Adobo Pickled Eggs,4,27,https://www.allrecipes.com/recipe/112025/chipotle-and-adobo-pickled-eggs/
Homemade Adobo All-Purpose Seasoning,5,18,https://www.allrecipes.com/recipe/240508/homemade-adobo-all-purpose-seasoning/
Authentic Chicken Adobo,4,22,https://www.allrecipes.com/recipe/231544/authentic-chicken-adobo/
Chicken Adobo I,3,49,https://www.allrecipes.com/recipe/20779/chicken-adobo-i/
Filipino Chicken Adobo,5,1,https://www.allrecipes.com/recipe/277271/filipino-chicken-adobo/
Guinataan Chicken Adobo,4,36,https://www.allrecipes.com/recipe/212950/guinataan-chicken-adobo/
Pinoy Chicken Adobo,4,38,https://www.allrecipes.com/recipe/212938/pinoy-chicken-adobo/
What Is Adobo? ,0,0,https://www.allrecipes.com/what-is-adobo-7480588
No One Can Agree On How To Make Chicken Adobo,0,0,https://www.allrecipes.com/article/how-to-make-chicken-adobo-filipino-comfort-food/
Lisa's Adobo,4,13,https://www.allrecipes.com/recipe/72946/lisas-adobo/
Adobo Sirloin,4,224,https://www.allrecipes.com/recipe/16285/adobo-sirloin/
Roast Adobo Pork Loin,5,255,https://www.allrecipes.com/recipe/222978/roast-adobo-pork-loin/
Traci's Adobo Seasoning,4,180,https://www.allrecipes.com/recipe/214086/tracis-adobo-seasoning/
Adobo Chicken with Ginger,4,368,https://www.allrecipes.com/recipe/28363/adobo-chicken-with-ginger/
Famous Chicken Adobo,4,378,https://www.allrecipes.com/recipe/128699/famous-chicken-adobo/
Grilled Chicken Adobo,4,251,https://www.allrecipes.com/recipe/45580/grilled-chicken-adobo/
Lolah's Chicken Adobo,4,65,https://www.allrecipes.com/recipe/152243/lolahs-chicken-adobo/
Slow Cooker Adobo Chicken,4,847,https://www.allrecipes.com/recipe/15650/slow-cooker-adobo-chicken/
Slow Cooker Adobo Chicken with Bok Choy,4,205,https://www.allrecipes.com/recipe/223588/slow-cooker-adobo-chicken-with-bok-choy/
Chicken Adobo with Coconut Milk (Adobo sa Gata),4,4,https://www.allrecipes.com/recipe/278067/chicken-adobo-with-coconut-milk-adobo-sa-gata/
Margo's Chicken Adobo,4,42,https://www.allrecipes.com/recipe/218510/margos-chicken-adobo/
Duck Adobo,4,37,https://www.allrecipes.com/recipe/230047/duck-adobo/
Instant Pot Filipino Chicken Adobo,5,24,https://www.allrecipes.com/recipe/277700/instant-pot-filipino-chicken-adobo/
One-Pot Hamburger Adobo Dinner,4,56,https://www.allrecipes.com/recipe/215914/one-pot-hamburger-adobo-dinner/
Chipotle and Adobo Pickled Eggs,4,27,https://www.allrecipes.com/recipe/112025/chipotle-and-adobo-pickled-eggs/
Homemade Adobo All-Purpose Seasoning,5,18,https://www.allrecipes.com/recipe/240508/homemade-adobo-all-purpose-seasoning/
Authentic Chicken Adobo,4,22,https://www.allrecipes.com/recipe/231544/authentic-chicken-adobo/
Chicken Adobo I,3,49,https://www.allrecipes.com/recipe/20779/chicken-adobo-i/
Filipino Chicken Adobo,5,1,https://www.allrecipes.com/recipe/277271/filipino-chicken-adobo/
Guinataan Chicken Adobo,4,36,https://www.allrecipes.com/recipe/212950/guinataan-chicken-adobo/
Pinoy Chicken Adobo,4,38,https://www.allrecipes.com/recipe/212938/pinoy-chicken-adobo/
What Is Adobo? ,0,0,https://www.allrecipes.com/what-is-adobo-7480588
No One Can Agree On How To Make Chicken Adobo,0,0,https://www.allrecipes.com/article/how-to-make-chicken-adobo-filipino-comfort-food/
Lisa's Adobo,4,13,https://www.allrecipes.com/recipe/72946/lisas-adobo/
Adobo Sirloin,4,224,https://www.allrecipes.com/recipe/16285/adobo-sirloin/
Roast Adobo Pork Loin,5,255,https://www.allrecipes.com/recipe/222978/roast-adobo-pork-loin/
Traci's Adobo Seasoning,4,180,https://www.allrecipes.com/recipe/214086/tracis-adobo-seasoning/
Adobo Chicken with Ginger,4,368,https://www.allrecipes.com/recipe/28363/adobo-chicken-with-ginger/
Famous Chicken Adobo,4,378,https://www.allrecipes.com/recipe/128699/famous-chicken-adobo/
Grilled Chicken Adobo,4,251,https://www.allrecipes.com/recipe/45580/grilled-chicken-adobo/
Lolah's Chicken Adobo,4,65,https://www.allrecipes.com/recipe/152243/lolahs-chicken-adobo/
Slow Cooker Adobo Chicken,4,847,https://www.allrecipes.com/recipe/15650/slow-cooker-adobo-chicken/
Slow Cooker Adobo Chicken with Bok Choy,4,205,https://www.allrecipes.com/recipe/223588/slow-cooker-adobo-chicken-with-bok-choy/
Chicken Adobo with Coconut Milk (Adobo sa Gata),4,4,https://www.allrecipes.com/recipe/278067/chicken-adobo-with-coconut-milk-adobo-sa-gata/
Margo's Chicken Adobo,4,42,https://www.allrecipes.com/recipe/218510/margos-chicken-adobo/
Duck Adobo,4,37,https://www.allrecipes.com/recipe/230047/duck-adobo/
Instant Pot Filipino Chicken Adobo,5,24,https://www.allrecipes.com/recipe/277700/instant-pot-filipino-chicken-adobo/
One-Pot Hamburger Adobo Dinner,4,56,https://www.allrecipes.com/recipe/215914/one-pot-hamburger-adobo-dinner/
Chipotle and Adobo Pickled Eggs,4,27,https://www.allrecipes.com/recipe/112025/chipotle-and-adobo-pickled-eggs/
Homemade Adobo All-Purpose Seasoning,5,18,https://www.allrecipes.com/recipe/240508/homemade-adobo-all-purpose-seasoning/
Authentic Chicken Adobo,4,22,https://www.allrecipes.com/recipe/231544/authentic-chicken-adobo/
Chicken Adobo I,3,49,https://www.allrecipes.com/recipe/20779/chicken-adobo-i/
Filipino Chicken Adobo,5,1,https://www.allrecipes.com/recipe/277271/filipino-chicken-adobo/
Guinataan Chicken Adobo,4,36,https://www.allrecipes.com/recipe/212950/guinataan-chicken-adobo/
Pinoy Chicken Adobo,4,38,https://www.allrecipes.com/recipe/212938/pinoy-chicken-adobo/
What Is Adobo? ,0,0,https://www.allrecipes.com/what-is-adobo-7480588
No One Can Agree On How To Make Chicken Adobo,0,0,https://www.allrecipes.com/article/how-to-make-chicken-adobo-filipino-comfort-food/
Lisa's Adobo,4,13,https://www.allrecipes.com/recipe/72946/lisas-adobo/
